1;Emirhandome;1;9;3;8;6;1;15;8;3;2;
2;Monana;5;12;6;5;3;2;6;1;3;2;15;4;2;0;
3;Selame;7;3;1;8;6;1;14;4;1;3;
4;Amazigspiderman;13;8;6;3;3;1;11;6;2;3;
5;Alexicole;16;5;9;1;2;3;14;5;6;2;14;8;6;2;
6;Yapadepano;9;12;2;1;3;2;2;5;3;2;7;8;2;3;7;8;2;3;
7;Wokuwoku;12;15;6;8;2;3;6;8;2;3;8;4;3;2;
8;Chidelyon;16;15;7;4;3;2;10;7;3;2;11;8;3;0;11;8;3;0;
9;Wokanda;19;8;5;1;2;3;11;2;2;1;11;7;2;1;
10;Ffquatorze;20;15;8;7;3;2;12;3;1;1;
11;Duck-duck;16;11;4;8;2;3;8;8;3;0;8;8;3;0;9;2;2;1;9;7;2;1;
12;Catland;18;17;8;0;1;3;10;3;1;1;13;2;1;3;13;8;1;3;
13;Partpartpart;20;19;12;2;1;3;12;8;1;3;
14;Beingchilling;9;5;3;4;1;3;5;5;6;2;5;8;6;2;15;0;3;1;15;3;3;1;
15;Adomination;5;9;1;8;3;2;2;4;2;0;14;0;3;1;14;3;3;1;